,tt,date,dt,db,freq,day_or_night,weather,power,band,pos_towers,average_distance
187,2003,20210420,0.17974137931034484,-11.456896551724139,1379.5431034482758,0,0,7.0,40,1,1351.0
185,1147,20210420,0.3815126050420167,-16.596638655462186,1493.764705882353,1,0,10.0,20,13,1430.076923076923
184,1702,20210420,0.1399441340782123,-12.810055865921788,1449.1648044692738,1,0,,40,0,
188,2035,20210420,0.19259259259259254,-11.592592592592593,1340.5185185185185,0,0,7.0,20,1,1802.0
189,1435,20210420,0.07653061224489796,-13.918367346938776,1595.1530612244899,1,0,,20,0,
190,1503,20210420,0.190625,-12.34375,1328.53125,1,0,5.0,40,13,938.3076923076923
186,1133,20210420,0.40952380952380957,-8.714285714285714,977.047619047619,1,0,10.0,40,18,776.1111111111111
191,2218,20210421,0.31847826086956527,-13.152173913043478,1516.7391304347825,0,0,10.0,40,2,1507.5
192,1548,20210421,0.15862068965517243,-15.039408866995075,1448.2019704433499,1,0,9.0,40,14,719.5714285714286
193,1357,20210421,0.09627329192546585,-13.428571428571429,1394.0621118012423,1,0,5.0,40,14,430.2142857142857
194,1232,20210421,0.14832713754646842,-15.799256505576208,1576.5241635687732,1,0,5.0,20,3,1211.6666666666667
195,1621,20210421,0.09043478260869567,-15.282608695652174,1538.4173913043478,1,0,6.0,20,2,973.0
196,1032,20210422,0.4486486486486487,-13.108108108108109,1246.4864864864865,1,0,5.0,40,16,686.75
197,1102,20210422,0.23461538461538464,-13.423076923076923,1135.4615384615386,1,0,,17,0,
198,1038,20210422,0.12448979591836735,-15.326530612244898,1250.6734693877552,1,0,5.0,20,9,1810.888888888889
199,1123,20210423,0.10396039603960398,-14.811881188118813,1251.851485148515,1,0,7.0,20,5,900.4
200,1102,20210423,0.05,-12.303030303030303,1430.2575757575758,1,0,7.0,40,18,710.5
201,2333,20210424,0.1,-15.4,2267.0,0,0,10.0,20,2,1784.0
202,2327,20210424,0.14957983193277313,-13.22689075630252,1464.5378151260504,0,0,10.0,40,3,1569.0
203,1216,20210426,0.32000000000000006,-16.355555555555554,1357.4888888888888,1,0,6.0,40,4,596.5
204,1956,20210426,0.0644787644787645,-13.092664092664092,1570.80694980695,1,0,8.0,40,2,926.5
205,1333,20210426,0.10727272727272728,-16.227272727272727,1379.1363636363637,1,0,6.0,20,7,1328.142857142857
206,1935,20210426,0.24193548387096775,-13.709677419354838,1568.032258064516,1,0,8.0,20,3,1935.3333333333333
207,1608,20210427,0.19942857142857146,-14.291428571428572,1377.4,1,0,5.0,40,1,916.0
208,1100,20210427,0.13333333333333336,-14.186666666666667,1586.76,1,0,7.0,20,7,1665.0
209,1613,20210427,0.17933333333333334,-14.893333333333333,1553.8133333333333,1,0,5.0,20,2,1863.0
210,1055,20210427,0.18163265306122453,-14.122448979591837,1190.4897959183672,1,0,7.0,40,6,853.3333333333334
211,1810,20210428,0.24121621621621622,-11.797297297297296,1449.0135135135135,1,0,6.0,20,3,1881.6666666666667
213,1106,20210428,0.09999999999999995,-11.25531914893617,1286.0,1,0,,40,0,
214,1046,20210428,0.1626016260162602,-14.94308943089431,1467.6829268292684,1,0,5.0,20,3,2508.3333333333335
212,1835,20210428,0.08892857142857143,-13.125,1484.4928571428572,1,0,6.0,40,9,894.5555555555555
216,1038,20210429,0.11454545454545452,-14.654545454545454,1379.909090909091,1,0,9.0,40,18,557.7222222222222
215,1035,20210429,0.05833333333333335,-14.909722222222221,1516.625,1,0,9.0,20,6,1522.0
218,1134,20210430,0.006060606060606061,-12.272727272727273,1294.2727272727273,1,0,9.0,40,6,587.5
217,1128,20210430,0.1261168384879725,-13.810996563573884,1579.4776632302405,1,0,9.0,20,8,1291.75
296,953,20210501,0.22061403508771932,-16.267543859649123,1464.6052631578948,1,0,,20,0,
297,957,20210501,-0.1857142857142857,-14.952380952380953,1179.142857142857,1,0,8.0,40,5,649.0
298,2130,20210502,0.16453488372093023,-12.220930232558139,1568.5,0,0,5.0,40,10,994.8
299,2126,20210502,0.15260416666666668,-13.53125,1422.7760416666667,0,0,5.0,20,1,1774.0
300,1128,20210503,0.33125,-12.458333333333334,1678.2291666666667,1,0,10.0,40,9,754.4444444444445
301,1124,20210503,0.4823008849557522,-15.256637168141593,1429.2566371681417,1,0,10.0,20,12,1314.0
302,1537,20210504,0.4111111111111111,-13.603174603174603,1415.857142857143,1,0,8.0,40,1,475.0
303,1533,20210504,0.3502487562189055,-13.044776119402986,1555.7611940298507,1,0,8.0,20,4,1580.25
305,1246,20210505,0.07272727272727272,-13.151515151515152,1476.8181818181818,1,0,7.0,40,14,663.0
304,1241,20210505,-0.17888888888888888,-14.688888888888888,1498.6555555555556,1,0,7.0,20,4,1007.5
309,1153,20210507,-0.04210526315789477,-17.210526315789473,1167.7368421052631,1,0,6.0,40,4,578.75
310,1149,20210507,0.05114942528735631,-12.591954022988507,1637.2758620689656,1,0,,20,0,
316,1430,20210510,-0.04473684210526316,-13.986842105263158,1542.8552631578948,1,0,5.0,20,1,1060.0
315,1435,20210510,0.06885245901639346,-11.475409836065573,1076.4262295081967,1,0,5.0,40,2,832.0
318,1215,20210511,-0.3888888888888889,-12.777777777777779,1103.7777777777778,1,0,9.0,40,9,553.6666666666666
317,1211,20210511,-0.001904761904761907,-13.447619047619048,1500.2095238095237,1,0,,20,0,
323,1318,20210514,0.1349315068493151,-12.633561643835616,1474.25,1,0,10.0,20,7,740.4285714285714
329,2220,20210517,0.15083798882681565,-12.46927374301676,1535.491620111732,0,0,7.0,40,1,764.0
328,2216,20210517,0.27450980392156865,-14.627450980392156,1518.862745098039,0,0,7.0,20,2,3265.0
331,1036,20210518,0.0,-12.857142857142858,1974.142857142857,1,0,6.0,40,9,653.7777777777778
330,1040,20210518,0.27325581395348836,-16.5,1325.7790697674418,1,0,6.0,20,5,1404.8
334,1417,20210520,0.23513513513513515,-15.108108108108109,1343.2882882882882,1,0,5.0,20,4,1197.5
335,1421,20210520,0.125,-17.3125,1202.625,1,0,5.0,40,5,656.2
337,1429,20210521,0.16412213740458015,-16.015267175572518,1720.3664122137404,1,0,9.0,40,8,739.75
336,1419,20210521,0.140625,-14.5625,1492.4375,1,0,9.0,20,5,1141.0
338,1427,20210522,0.15190839694656488,-15.816793893129772,1471.175572519084,1,0,5.0,20,1,1780.0
339,1422,20210522,0.09399999999999999,-16.16,1509.52,1,0,5.0,40,8,706.875
342,1904,20210524,0.086986301369863,-10.972602739726028,1405.373287671233,1,0,10.0,40,12,473.5
343,1909,20210524,0.19423076923076923,-12.773076923076923,1380.3115384615385,1,0,10.0,20,19,1027.1052631578948
344,1339,20210525,0.13571428571428573,-13.0,1613.642857142857,1,0,8.0,40,7,381.2857142857143
345,1335,20210525,0.25786163522012584,-13.672955974842766,1216.5031446540881,1,0,8.0,20,7,572.2857142857143
347,1029,20210526,-0.01578947368421053,-15.842105263157896,1283.5263157894738,1,0,6.0,40,6,693.1666666666666
346,1025,20210526,0.14262295081967216,-15.827868852459016,1560.450819672131,1,0,6.0,20,7,1195.4285714285713
349,1742,20210527,0.11363636363636365,-13.022727272727273,1449.25,1,0,5.0,20,4,1100.0
348,1747,20210527,0.14449152542372884,-13.245762711864407,1357.25,1,0,5.0,40,7,718.4285714285714
351,718,20210528,-0.06060606060606061,-10.686868686868687,1225.030303030303,1,0,7.0,40,26,677.5384615384615
350,713,20210528,0.000671140939597316,-12.677852348993289,1318.765100671141,1,0,7.0,20,16,1432.4375
357,2015,20210531,0.1423913043478261,-10.96376811594203,1350.7282608695652,0,0,5.0,20,2,1588.0
356,2003,20210531,0.11987878787878789,-11.08969696969697,1341.9236363636364,0,0,5.0,40,5,585.0
430,1500,20210601,-0.14222222222222222,-16.177777777777777,1059.1777777777777,1,0,8.0,40,3,759.0
429,1451,20210601,0.011842105263157892,-16.399122807017545,1637.344298245614,1,0,8.0,20,8,1426.625
431,956,20210602,0.07619047619047621,-15.80952380952381,1599.047619047619,1,0,6.0,40,9,640.4444444444445
432,949,20210602,0.06721951219512194,-14.071219512195121,1493.0419512195122,1,0,6.0,20,19,1319.8947368421052
433,953,20210603,0.048529411764705876,-15.691176470588236,1342.8382352941176,1,0,10.0,20,9,1431.5555555555557
434,947,20210603,0.10666666666666667,-15.7,1337.7,1,0,10.0,40,4,594.5
439,910,20210607,0.13285714285714284,-12.028571428571428,1439.7,1,0,5.0,20,19,1128.7894736842106
440,1650,20210608,0.14583333333333334,-11.545833333333333,1425.45,1,0,6.0,20,5,370.4
441,1635,20210608,0.33666666666666667,-11.8,1267.4333333333334,1,0,6.0,40,7,376.42857142857144
448,1626,20210612,0.27105263157894743,-14.131578947368421,1636.4342105263158,1,0,,20,0,
449,1634,20210612,0.14915254237288134,-14.169491525423728,1674.4237288135594,1,0,5.0,40,2,830.0
455,1118,20210614,-0.02422680412371133,-13.335051546391753,1463.4381443298969,1,0,8.0,20,15,692.9333333333333
454,1741,20210614,-0.005442176870748302,-15.5578231292517,1433.142857142857,1,0,10.0,40,9,824.3333333333334
452,1122,20210614,-0.32499999999999996,-16.5,1522.0,1,0,8.0,40,10,468.4
453,1724,20210614,0.1391891891891892,-15.405405405405405,1376.2027027027027,1,0,10.0,20,9,1249.0
464,1202,20210619,0.17142857142857149,-16.831932773109244,1494.81512605042,1,0,7.0,20,3,624.3333333333334
465,1125,20210619,-0.09999999999999999,-18.5,1265.75,1,0,7.0,40,2,441.5
470,2256,20210622,0.1883720930232558,-11.713178294573643,1459.2480620155038,0,0,6.0,40,10,1246.5
471,2252,20210622,0.07600000000000001,-15.44,1455.4666666666667,0,0,,20,0,
472,1821,20210623,0.10622222222222223,-13.546666666666667,1520.888888888889,1,0,6.0,40,1,877.0
473,1814,20210623,0.1767241379310345,-14.327586206896552,1337.1077586206898,1,0,6.0,20,2,1040.5
25,1356,20210701,0.22419354838709682,-15.833333333333334,1640.1344086021506,1,0,6.0,20,10,1290.8
24,1401,20210701,-0.009090909090909089,-17.0,1519.909090909091,1,0,6.0,40,3,538.0
27,2215,20210704,0.10119047619047619,-13.932539682539682,1743.2936507936508,0,0,8.0,20,17,1764.6470588235295
26,2210,20210704,0.07861271676300578,-9.121387283236995,1427.820809248555,0,0,8.0,40,16,855.3125
28,2313,20210706,0.1377049180327869,-12.221311475409836,1583.2377049180327,0,0,7.0,40,12,1378.9166666666667
29,2319,20210706,0.0724137931034483,-16.103448275862068,1895.0689655172414,0,0,,20,0,
30,1029,20210707,0.3461538461538461,-19.46153846153846,1341.6923076923076,1,0,9.0,40,8,709.375
31,1021,20210707,0.04615384615384613,-10.096153846153847,1407.7692307692307,1,0,9.0,20,11,1313.2727272727273
33,1255,20210712,-0.24545454545454543,-15.272727272727273,1584.2727272727273,1,0,6.0,40,2,624.5
32,1259,20210712,0.1406779661016949,-15.983050847457626,1584.4915254237287,1,0,,20,0,
35,1620,20210714,0.050847457627118654,-12.661016949152541,1268.322033898305,1,0,10.0,40,16,568.0625
34,1625,20210714,0.21509433962264154,-13.429245283018869,1538.2877358490566,1,0,10.0,20,16,1173.5
37,1709,20210715,-0.06020408163265306,-14.83673469387755,1309.704081632653,1,0,5.0,40,1,890.0
36,1704,20210715,0.12444444444444444,-15.622222222222222,1307.7111111111112,1,0,5.0,20,1,1098.0
38,1025,20210723,0.15932203389830507,-15.94915254237288,1712.7118644067796,1,0,7.0,20,6,1157.5
39,1029,20210723,0.05555555555555555,-9.777777777777779,1714.7777777777778,1,0,7.0,40,7,638.8571428571429
40,1416,20210726,0.40789473684210525,-13.739234449760765,1656.6602870813397,1,0,9.0,20,9,1464.0
41,1406,20210726,0.3307692307692308,-13.076923076923077,1409.3846153846155,1,0,9.0,40,4,737.5
83,1745,20210802,0.1884297520661157,-11.743801652892563,1454.396694214876,1,0,8.0,40,9,866.4444444444445
84,1741,20210802,0.25000000000000006,-11.825396825396826,1519.2619047619048,1,0,8.0,20,1,1741.0
86,1037,20210803,0.14545454545454548,-12.963636363636363,1467.7,1,0,5.0,20,28,1033.5
85,1042,20210803,0.09230769230769233,-13.153846153846153,913.6923076923077,1,0,5.0,40,9,735.8888888888889
88,1343,20210804,0.15333333333333338,-14.685714285714285,1551.6761904761904,1,0,6.0,20,5,906.4
87,1339,20210804,-0.11764705882352941,-17.352941176470587,1452.2941176470588,1,0,6.0,40,8,626.125
90,1109,20210805,0.36901408450704226,-11.121789560894781,1413.311516155758,1,0,5.0,20,33,608.2424242424242
89,1114,20210805,0.33749999999999997,-11.375,1182.09375,1,0,5.0,40,9,355.1111111111111
91,1505,20210806,0.3194805194805195,-15.5,1678.7272727272727,1,0,9.0,20,1,1244.0
92,1509,20210806,0.2634146341463415,-13.560975609756097,1485.1951219512196,1,0,9.0,40,9,638.5555555555555
95,1554,20210808,0.14245014245014245,-15.86039886039886,1529.2678062678062,1,0,6.0,20,1,1423.0
96,1558,20210808,0.0909090909090909,-13.340909090909092,1569.5454545454545,1,0,6.0,40,2,693.5
97,1819,20210809,0.3287610619469026,-12.823008849557523,1577.075221238938,1,0,7.0,40,1,343.0
98,1815,20210809,0.33272727272727265,-12.478787878787879,1627.7878787878788,1,0,7.0,20,7,1059.5714285714287
102,1741,20210826,0.42669902912621355,-12.674757281553399,1502.2524271844661,1,0,6.0,40,11,874.1818181818181
101,2148,20210826,0.24651162790697675,-14.333333333333334,1502.2015503875969,0,0,10.0,20,8,1582.5
100,1731,20210826,0.03313953488372093,-16.36046511627907,1579.0232558139535,1,0,6.0,20,6,2069.0
99,2153,20210826,0.14874551971326164,-11.691756272401435,1477.4551971326164,0,0,10.0,40,16,858.3125
104,1022,20210828,0.26341463414634153,-16.317073170731707,1481.0731707317073,1,0,5.0,20,8,1319.25
103,1027,20210828,0.068,-17.64,1406.04,1,0,5.0,40,6,581.8333333333334
106,1323,20210830,0.31587301587301586,-14.325396825396826,1584.2222222222222,1,0,8.0,20,1,1981.0
105,1328,20210830,0.4272727272727273,-16.59090909090909,1542.090909090909,1,0,8.0,40,18,582.0555555555555
108,1514,20210831,0.3545454545454545,-15.204545454545455,1626.0227272727273,1,0,7.0,20,3,1509.3333333333333
107,1520,20210831,0.36033057851239664,-15.049586776859504,1386.7603305785124,1,0,7.0,40,3,538.0
157,2050,20210912,0.05789473684210527,-17.44736842105263,1216.1052631578948,0,0,10.0,20,5,1627.2
156,2041,20210912,0.10251046025104603,-12.753138075313808,1496.7154811715482,0,0,10.0,40,2,1102.0
158,1506,20210913,0.1,-12.542857142857143,1394.3,1,0,6.0,40,2,719.0
159,1501,20210913,0.08868778280542987,-14.402714932126697,1549.1628959276018,1,0,6.0,20,4,1678.25
160,1800,20210914,0.3694545454545454,-12.007272727272728,1535.7163636363637,1,0,8.0,40,5,871.6
161,1755,20210914,0.37077922077922076,-13.941558441558442,1567.155844155844,1,0,8.0,20,2,1736.0
165,1511,20210916,0.0536764705882353,-11.705882352941176,1521.3014705882354,1,0,5.0,20,1,1816.0
164,1506,20210916,0.08333333333333333,-12.38888888888889,1393.138888888889,1,0,5.0,40,9,816.5555555555555
167,908,20210918,0.041176470588235294,-14.823529411764707,1511.9117647058824,1,0,5.0,40,15,797.8666666666667
166,904,20210918,0.23750000000000002,-14.609375,1570.53125,1,0,5.0,20,1,1817.0
169,1043,20210919,-0.041447368421052636,-13.93421052631579,1509.125,1,0,7.0,20,19,1716.157894736842
168,1050,20210919,0.029508196721311476,-11.868852459016393,1580.9344262295083,1,0,7.0,40,19,759.8947368421053
171,2159,20210922,0.1,-19.555555555555557,698.7777777777778,0,0,9.0,20,1,1634.0
170,2204,20210922,0.24036144578313257,-13.24698795180723,1514.644578313253,0,0,9.0,40,3,1200.6666666666667
172,2232,20210923,0.22499999999999998,-20.0,1235.5,0,0,6.0,20,1,1517.0
173,2228,20210923,-0.03404255319148936,-15.48936170212766,1304.9893617021276,0,0,6.0,40,1,1626.0
175,956,20210924,0.10341880341880341,-10.820512820512821,1236.3162393162393,1,0,9.0,40,31,600.3225806451613
174,1000,20210924,0.19208633093525182,-13.100719424460431,1335.546762589928,1,0,9.0,20,19,1592.421052631579
176,1809,20210927,0.49950495049504956,-11.331683168316832,1433.5148514851485,1,0,9.0,20,5,2044.8
177,1814,20210927,0.3720430107526881,-11.647849462365592,1300.034946236559,1,0,9.0,40,42,850.3095238095239
178,1225,20210928,0.20461538461538462,-11.430769230769231,1526.4076923076923,1,0,5.0,20,18,1115.3333333333333
179,1230,20210928,0.13555555555555554,-11.933333333333334,1118.3111111111111,1,0,5.0,40,37,603.7567567567568
180,2113,20210930,0.24619565217391304,-14.141304347826088,1453.9021739130435,0,0,,40,0,
181,1538,20210930,0.073,-13.24,1464.52,1,0,6.0,40,10,536.2
182,1532,20210930,0.24987775061124698,-11.224938875305623,1354.19804400978,1,0,6.0,20,7,1625.142857142857
183,2118,20210930,0.16,-17.3,1754.0,0,0,,20,0,
279,1753,20211003,0.11902071563088512,-12.218455743879472,1483.0790960451977,1,0,5.0,20,2,2394.0
280,1758,20211003,0.12946859903381644,-13.16425120772947,1443.623188405797,1,0,5.0,40,8,985.75
283,1552,20211005,0.20591397849462367,-10.258064516129032,1498.6075268817203,1,0,6.0,40,3,493.6666666666667
284,1548,20211005,0.20591397849462367,-10.258064516129032,1498.6075268817203,1,0,6.0,20,2,1620.0
287,1425,20211007,0.2673913043478261,-10.576086956521738,1508.0380434782608,1,0,10.0,20,23,1501.3478260869565
288,1429,20211007,0.001869158878504689,-9.785046728971963,1502.1682242990655,1,0,10.0,40,37,524.2162162162163
293,1854,20211011,0.31851851851851865,-15.88888888888889,1401.7962962962963,1,0,,20,0,
292,1858,20211011,0.15126582278481013,-11.69620253164557,1377.8259493670887,1,0,6.0,40,2,706.0
294,1827,20211012,0.13910891089108912,-12.267326732673267,1482.7673267326732,1,0,8.0,40,15,947.0
295,1823,20211012,0.2097560975609756,-13.707317073170731,1465.6341463414635,1,0,,20,0,
306,2010,20211013,0.09772727272727272,-13.903409090909092,1506.0,0,0,7.0,40,15,1063.2666666666667
307,1947,20211013,0.10633802816901408,-12.830985915492958,1476.5211267605634,1,0,,20,0,
308,2015,20211013,0.15413533834586465,-13.842105263157896,1254.578947368421,0,0,7.0,20,2,474.0
312,1341,20211015,0.19589041095890414,-13.02283105022831,1494.2054794520548,1,0,5.0,20,7,1358.7142857142858
311,1345,20211015,-0.041025641025641026,-11.794871794871796,1690.820512820513,1,0,5.0,40,18,458.77777777777777
314,926,20211017,0.15207100591715977,-12.106508875739644,1565.3846153846155,1,0,9.0,40,20,647.95
313,920,20211017,0.18711484593837535,-14.162464985994397,1461.2380952380952,1,0,9.0,20,21,1357.7142857142858
320,1438,20211020,0.18011363636363636,-12.761363636363637,1487.7670454545455,1,0,5.0,20,10,1652.5
319,1446,20211020,0.060747663551401855,-12.813084112149532,1682.6588785046729,1,0,5.0,40,16,629.25
321,1603,20211023,0.12403433476394851,-13.611587982832617,1558.793991416309,1,0,6.0,40,16,662.6875
322,1557,20211023,0.061849710982658956,-12.520231213872833,1491.3468208092486,1,0,6.0,20,5,1566.6
324,2210,20211024,-0.17692307692307693,-18.23076923076923,1450.076923076923,0,0,6.0,20,1,5.0
325,2214,20211024,0.05046728971962617,-14.401869158878505,1480.7009345794393,0,0,6.0,40,6,1566.1666666666667
327,910,20211028,0.13448275862068965,-11.540229885057471,1287.4022988505747,1,0,5.0,40,27,654.2592592592592
326,917,20211028,0.04039735099337748,-13.940397350993377,1479.271523178808,1,0,5.0,20,21,1426.904761904762
332,1614,20211029,0.32134831460674157,-11.410112359550562,1334.0842696629213,1,0,10.0,40,35,502.37142857142857
333,1607,20211029,0.3075812274368231,-11.873646209386282,1479.9819494584838,1,0,10.0,20,15,1305.9333333333334
341,1030,20211031,-0.07357142857142858,-12.307142857142857,1368.642857142857,1,0,6.0,20,15,1287.8666666666666
340,1026,20211031,-0.012499999999999997,-13.014705882352942,1368.2279411764705,1,0,6.0,40,6,297.5
417,1150,20211102,0.1442528735632184,-12.649425287356323,1538.9885057471265,1,0,7.0,20,19,1379.5263157894738
416,1146,20211102,0.13559322033898305,-11.847457627118644,1223.406779661017,1,0,7.0,40,52,589.9230769230769
419,1655,20211103,0.19841269841269843,-15.007936507936508,1430.047619047619,1,0,8.0,40,11,1097.5454545454545
418,1650,20211103,0.2842465753424658,-14.047945205479452,1345.2054794520548,1,0,,20,0,
421,1319,20211106,0.3735537190082644,-14.12396694214876,1517.8181818181818,1,0,6.0,20,14,1222.9285714285713
420,1323,20211106,0.25476190476190474,-14.702380952380953,1270.2380952380952,1,0,6.0,40,19,379.42105263157896
423,1451,20211108,-0.022794117647058833,-9.911764705882353,1428.4117647058824,1,0,9.0,20,15,1563.3333333333333
422,1456,20211108,0.06341463414634146,-10.731707317073171,1279.0487804878048,1,0,9.0,40,7,590.0
424,1915,20211109,0.09090909090909091,-15.47979797979798,1505.9141414141413,1,0,7.0,40,6,1272.1666666666667
425,1112,20211110,0.056249999999999994,-13.328125,1395.3203125,1,0,10.0,40,48,493.7083333333333
426,1130,20211110,0.13739837398373983,-12.674796747967479,1532.9349593495936,1,0,10.0,20,5,1036.6
428,1158,20211112,0.2022058823529412,-12.227941176470589,1611.0955882352941,1,0,6.0,20,22,1150.6818181818182
427,1154,20211112,0.10555555555555556,-11.305555555555555,1322.7685185185185,1,0,6.0,40,32,448.0
435,1155,20211117,-0.09866666666666665,-10.36,1705.2,1,0,8.0,40,51,522.7058823529412
436,1205,20211117,0.1909502262443439,-12.787330316742082,1462.606334841629,1,0,8.0,20,19,1221.421052631579
438,932,20211118,0.39828282828282824,-12.466666666666667,1317.4555555555555,1,0,10.0,40,35,610.3428571428572
437,938,20211118,0.3347031963470319,-11.881278538812785,1553.8584474885845,1,0,10.0,20,16,1355.4375
442,1202,20211119,0.17393939393939392,-11.854545454545455,1418.6969696969697,1,0,5.0,40,38,471.6842105263158
443,1212,20211119,0.156140350877193,-13.064327485380117,1481.1959064327486,1,0,5.0,20,22,1600.7727272727273
444,1227,20211121,0.21524663677130051,-13.165919282511211,1342.982062780269,1,0,8.0,20,21,1420.095238095238
445,1221,20211121,0.11395348837209303,-12.093023255813954,1431.0,1,0,8.0,40,29,409.17241379310343
446,1712,20211123,-1.3,-17.4,889.6,1,0,,20,0,
447,1707,20211123,0.24311594202898548,-14.170289855072463,1435.8297101449275,1,0,5.0,40,5,1134.6
450,1056,20211124,0.08295454545454545,-13.18560606060606,1398.4469696969697,1,0,5.0,20,10,1174.4
451,1048,20211124,0.07725321888412018,-10.510729613733906,1335.4463519313306,1,0,5.0,40,60,454.3666666666667
456,1443,20211126,0.39268292682926825,-11.735772357723578,1357.2723577235772,1,0,7.0,40,23,498.69565217391306
457,1438,20211126,0.42545454545454536,-12.024242424242424,1464.1636363636364,1,0,7.0,20,22,1529.7727272727273
458,1540,20211127,0.1759708737864078,-13.422330097087379,1608.6674757281553,1,0,6.0,40,1,428.0
459,1535,20211127,0.19166666666666674,-13.25,1024.648148148148,1,0,6.0,20,1,1375.0
460,948,20211129,0.18459214501510574,-13.492447129909365,1311.8761329305137,1,0,5.0,20,6,1337.8333333333333
461,935,20211129,0.11884057971014492,-13.485507246376812,1401.7246376811595,1,0,5.0,40,4,344.0
1,1602,20211201,0.06315789473684211,-11.807017543859649,1327.6754385964912,1,0,7.0,20,10,1797.8
0,1609,20211201,0.0931372549019608,-12.098039215686274,1348.6274509803923,1,0,7.0,40,20,765.95
3,1015,20211202,0.123773173391494,-13.3773173391494,1421.351145038168,1,0,10.0,20,9,1493.4444444444443
2,1020,20211202,0.12461538461538464,-11.992307692307692,1446.246153846154,1,0,10.0,40,28,758.7857142857143
5,1422,20211203,0.2359649122807018,-11.407894736842104,1490.9912280701753,1,0,8.0,20,15,1720.9333333333334
4,1427,20211203,0.2710843373493976,-11.560240963855422,1554.8975903614457,1,0,8.0,40,10,546.3
10,1058,20211206,0.15,-11.74390243902439,1511.4634146341464,1,0,8.0,40,13,635.9230769230769
11,1114,20211206,0.17230769230769233,-13.353846153846154,1319.6615384615384,1,0,8.0,20,15,1501.7333333333333
12,1626,20211207,0.14594594594594595,-13.608108108108109,1211.418918918919,1,0,5.0,20,4,1237.25
13,1631,20211207,0.14444444444444446,-13.452380952380953,1478.7460317460318,1,0,5.0,40,10,1159.9
14,1456,20211208,-0.061904761904761914,-13.829931972789115,1424.408163265306,1,0,6.0,40,3,541.6666666666666
15,1452,20211208,-0.05519480519480519,-13.311688311688311,1359.6103896103896,1,0,6.0,20,6,1497.0
16,1110,20211209,0.17843137254901964,-15.07843137254902,1286.5196078431372,1,0,7.0,20,3,1095.6666666666667
17,1054,20211209,0.12617449664429528,-11.973154362416107,1347.8926174496644,1,0,7.0,40,23,628.5217391304348
135,1104,20220107,-0.10590405904059041,-12.70479704797048,1605.0369003690037,1,0,9.0,20,13,1235.6923076923076
136,1110,20220107,-0.14148936170212767,-10.98936170212766,1516.4255319148936,1,0,9.0,40,15,546.7333333333333
138,1237,20220108,0.22380952380952385,-13.39047619047619,1654.0809523809523,1,0,7.0,20,8,1391.125
137,1242,20220108,0.12151898734177212,-12.620253164556962,1535.7215189873418,1,0,7.0,40,7,675.0
140,1942,20220111,0.23000000000000004,-17.6,2137.9,1,0,6.0,20,1,875.0
139,1946,20220111,0.023809523809523805,-14.65079365079365,1683.8253968253969,1,0,6.0,40,1,1973.0
142,1547,20220115,0.18271028037383183,-13.107476635514018,1582.8831775700935,1,0,7.0,20,10,1310.2
141,1552,20220115,0.13153846153846155,-13.63076923076923,1406.6884615384615,1,0,7.0,40,12,746.5833333333334
144,1503,20220116,0.17906976744186046,-13.872093023255815,1539.5290697674418,1,0,10.0,20,7,1897.0
143,1507,20220116,0.10729927007299271,-14.036496350364963,1472.036496350365,1,0,10.0,40,38,806.2894736842105
148,1214,20220120,0.05824175824175824,-12.571428571428571,1448.6923076923076,1,0,9.0,40,24,523.4583333333334
147,1229,20220120,0.07631578947368423,-13.929824561403509,1327.1535087719299,1,0,9.0,20,2,1550.0
149,959,20220121,0.055645161290322584,-12.75,1684.1048387096773,1,0,6.0,40,27,664.4444444444445
150,943,20220121,0.21189591078066916,-13.810408921933085,1454.6412639405205,1,0,6.0,20,10,1451.4
151,1617,20220123,0.041666666666666664,-12.319444444444445,1657.9722222222222,1,0,6.0,20,1,1635.0
152,1621,20220123,0.11058823529411764,-13.015686274509804,1571.8588235294117,1,0,6.0,40,10,684.8
154,1412,20220125,0.10846153846153847,-11.761538461538462,1447.1076923076923,1,0,9.0,40,9,468.3333333333333
153,1408,20220125,0.17192982456140352,-11.88888888888889,1518.982456140351,1,0,9.0,20,4,1304.75
155,2210,20220127,0.16098439375750304,-14.975990396158464,1400.3169267707083,0,0,,40,0,
163,1542,20220128,0.19254658385093168,-12.745341614906833,1471.857142857143,1,0,9.0,20,3,1052.3333333333333
162,1546,20220128,0.1366812227074236,-13.655021834061136,1523.5895196506551,1,0,9.0,40,4,519.75
247,1105,20220201,0.06339869281045751,-12.941176470588236,1401.2091503267975,1,0,9.0,20,16,1357.9375
248,1058,20220201,-0.17657657657657658,-11.711711711711711,1508.3153153153153,1,0,9.0,40,36,488.25
252,2303,20220202,0.15895196506550222,-13.724890829694322,1484.6069868995633,0,0,,40,0,
249,2258,20220202,0.5857142857142856,-9.285714285714286,1828.5714285714287,0,0,5.0,20,6,887.5
250,1443,20220202,0.19224137931034482,-12.922413793103448,1641.7758620689656,1,0,6.0,40,23,626.0869565217391
251,1419,20220202,0.06569767441860466,-12.476744186046512,1406.8779069767443,1,0,6.0,20,16,1223.875
255,1140,20220204,0.3177419354838709,-13.413978494623656,1526.1021505376343,1,0,10.0,20,13,1261.6470588235295
256,1135,20220204,0.41527777777777775,-11.208333333333334,1506.736111111111,1,0,10.0,40,22,533.9090909090909
265,1512,20220209,0.03083333333333334,-12.883333333333333,1358.7833333333333,1,0,6.0,40,20,612.65
266,1508,20220209,-0.7642276422764228,-11.325203252032521,1381.0325203252032,1,0,6.0,20,18,1268.7777777777778
269,1819,20220213,0.14502164502164508,-13.437229437229437,1383.125541125541,1,0,9.0,40,21,834.9047619047619
270,1815,20220213,0.10500000000000002,-15.7,1257.35,1,0,9.0,20,1,686.0
274,1031,20220215,0.12187500000000001,-15.15625,1500.65625,1,0,9.0,20,14,1362.142857142857
273,1019,20220215,0.13636363636363635,-13.790909090909091,1400.3181818181818,1,0,9.0,40,18,331.3333333333333
275,1736,20220216,0.10666666666666667,-12.945098039215686,1292.8196078431372,1,0,10.0,40,25,657.8
276,1730,20220216,0.17670250896057346,-10.68100358422939,1413.505376344086,1,0,10.0,20,4,2341.25
277,1714,20220218,0.08038461538461539,-12.207692307692307,1622.8884615384616,1,0,7.0,40,33,698.6969696969697
278,1709,20220218,0.13,-12.046666666666667,1341.18,1,0,7.0,20,5,1611.8
282,1302,20220220,0.0018633540372670768,-12.409937888198758,1353.1024844720496,1,0,7.0,40,24,603.9583333333334
281,1307,20220220,0.1598326359832636,-12.870292887029288,1482.73640167364,1,0,7.0,20,13,1673.4615384615386
286,1645,20220221,0.1326276463262765,-12.555417185554171,1442.5342465753424,1,0,8.0,40,1,818.0
285,1635,20220221,0.1673913043478261,-10.339130434782609,1507.4260869565217,1,0,8.0,20,11,1550.0
289,2230,20220224,0.09999999999999999,-14.639344262295081,1338.0655737704917,0,0,,40,0,
112,1604,20220228,0.2311188811188811,-11.5,1514.8251748251748,1,0,9.0,20,3,1493.6666666666667
111,1610,20220228,0.198134328358209,-12.171641791044776,1254.5485074626865,1,0,9.0,40,24,446.7916666666667
405,1638,20220301,0.30596026490066225,-10.7682119205298,1245.9801324503312,1,0,6.0,20,5,1387.4
404,1643,20220301,0.367601246105919,-12.429906542056075,1387.2959501557632,1,0,6.0,40,9,514.0
407,1119,20220302,0.09038961038961038,-10.958441558441558,1267.4545454545455,1,0,8.0,20,15,1468.9333333333334
406,1130,20220302,-0.2992,-13.376,1265.856,1,0,8.0,40,7,356.0
408,1429,20220306,0.15663716814159295,-13.47787610619469,1357.9203539823009,1,0,10.0,40,18,546.2222222222222
409,1422,20220306,0.13579545454545455,-14.181818181818182,1479.9488636363637,1,0,10.0,20,17,1392.6470588235295
412,1414,20220315,0.10156695156695159,-11.72934472934473,1461.7165242165242,1,0,9.0,40,23,406.4782608695652
413,1351,20220315,0.12264705882352941,-12.151470588235295,1505.3588235294117,1,0,9.0,20,9,1572.4444444444443
504,1100,20220412,0.2775280898876405,-12.5,1311.7191011235955,1,0,7.0,20,6,1351.5
505,1053,20220412,0.013207547169811326,-14.679245283018869,1225.8301886792453,1,0,7.0,40,7,561.5714285714286
6,1104,20220420,0.1759124087591241,-14.708029197080291,1321.7445255474452,1,0,10.0,20,19,1498.7894736842106
7,1220,20220420,-0.004809619238476951,-13.162324649298597,1329.3346693386773,1,0,10.0,40,13,418.9230769230769
18,1817,20220422,0.12459954233409612,-9.95766590389016,1605.6693363844392,1,0,6.0,40,32,456.78125
19,1750,20220422,0.20336134453781518,-12.903361344537815,1325.357142857143,1,0,6.0,20,8,1521.625
20,1008,20220426,0.2294117647058824,-12.697478991596638,1179.5966386554621,1,0,9.0,20,17,1484.4117647058824
21,1002,20220426,0.06641791044776121,-11.067164179104477,1440.7761194029852,1,0,9.0,40,19,436.8421052631579
23,1742,20220428,0.1367875647668394,-14.735751295336788,1394.8497409326426,1,0,9.0,20,7,1831.857142857143
22,1747,20220428,0.13596059113300496,-11.911330049261084,1519.3300492610838,1,0,9.0,40,10,754.0
68,1059,20220502,0.04272727272727273,-12.563636363636364,1573.3,1,0,6.0,20,7,1473.857142857143
67,1107,20220502,0.0679245283018868,-10.88679245283019,1210.754716981132,1,0,6.0,40,7,533.4285714285714
69,856,20220508,-0.01333333333333333,-13.9,1474.7666666666667,1,0,9.0,40,15,603.8
70,900,20220508,0.1317073170731707,-15.926829268292684,1522.719512195122,1,0,9.0,20,6,834.8333333333334
71,1113,20220513,-0.019354838709677424,-14.96774193548387,1614.1935483870968,1,0,6.0,20,1,1624.0
72,1119,20220513,0.2,-19.0,1514.5555555555557,1,0,6.0,40,5,733.0
74,11,20220514,0.21467889908256882,-12.408256880733944,1598.7385321100917,0,0,10.0,40,16,1362.0625
73,1,20220514,0.11632947976878615,-14.735549132947977,1342.2413294797689,0,0,10.0,20,2,1478.0
77,1630,20220517,-0.12794117647058822,-13.073529411764707,1535.735294117647,1,0,8.0,40,23,534.8260869565217
78,1623,20220517,0.07926829268292683,-13.060975609756097,1453.4024390243903,1,0,8.0,20,13,1414.4615384615386
80,1039,20220518,0.13333333333333333,-10.166666666666666,1915.388888888889,1,0,7.0,40,12,552.0
79,1054,20220518,0.42017543859649115,-14.333333333333334,1441.0526315789473,1,0,7.0,20,9,1147.111111111111
81,945,20220525,0.14176072234762982,-13.205417607223476,1474.2167042889391,1,0,6.0,20,21,1841.6666666666667
82,855,20220525,0.03181818181818183,-14.295454545454545,1472.75,1,0,6.0,40,10,398.3
93,1026,20220531,0.2134328358208955,-15.447761194029852,1189.7313432835822,1,0,10.0,20,4,1319.25
94,1015,20220531,-0.0033333333333333253,-16.233333333333334,1628.7666666666667,1,0,10.0,40,13,653.2307692307693
126,1543,20220605,0.16032388663967612,-14.396761133603238,1324.6518218623482,1,0,7.0,20,3,773.6666666666666
125,1548,20220605,-0.08378378378378376,-12.743243243243244,1408.3513513513512,1,0,7.0,40,8,552.375
130,1004,20220608,0.12222222222222223,-14.777777777777779,1462.111111111111,1,0,5.0,40,8,410.875
129,1008,20220608,0.13,-15.48,1239.74,1,0,5.0,20,7,836.4285714285714
132,2159,20220612,0.2006172839506173,-12.851851851851851,1456.1604938271605,0,0,7.0,20,3,1366.3333333333333
131,2203,20220612,0.1679611650485437,-12.475728155339805,1496.9126213592233,0,0,7.0,40,9,840.5555555555555
134,1029,20220615,0.31578947368421045,-14.68421052631579,1364.842105263158,1,0,5.0,40,13,461.53846153846155
133,1034,20220615,0.3362745098039215,-15.166666666666666,1369.1274509803923,1,0,5.0,20,9,1033.5555555555557
146,845,20220629,0.13766233766233765,-15.519480519480519,1543.2857142857142,1,0,5.0,20,6,860.5
145,841,20220629,0.05581395348837209,-16.0,1529.7441860465117,1,0,5.0,40,6,699.8333333333334
244,1525,20220707,0.092,-11.56,1547.28,1,0,8.0,40,11,504.54545454545456
243,1520,20220707,0.3695238095238096,-12.247619047619047,1594.6571428571428,1,0,8.0,20,17,1331.8823529411766
254,1030,20220713,0.1641025641025641,-13.58974358974359,1422.6538461538462,1,0,8.0,20,42,1013.8095238095239
253,1026,20220713,0.19999999999999998,-14.266666666666667,934.6,1,0,8.0,40,14,595.4285714285714
259,1129,20220718,0.031775700934579446,-11.962616822429906,1185.018691588785,1,0,5.0,20,4,1430.5
260,1123,20220718,-0.5499999999999999,-13.666666666666666,1888.8333333333333,1,0,5.0,40,9,581.7777777777778
261,2203,20220719,0.08333333333333333,-18.416666666666668,1395.4166666666667,0,0,,20,0,
262,2207,20220719,0.16851851851851857,-12.564814814814815,1600.2592592592594,0,0,7.0,40,7,1238.2857142857142
264,915,20220720,0.3370370370370371,-17.037037037037038,1576.7037037037037,1,0,8.0,40,14,522.0
263,920,20220720,0.1029761904761905,-13.142857142857142,1404.8095238095239,1,0,8.0,20,26,937.0
267,1155,20220721,-0.0625,-15.125,522.5,1,0,6.0,40,4,437.75
268,1204,20220721,0.11505376344086024,-14.376344086021506,1446.7043010752689,1,0,6.0,20,13,1478.1538461538462
272,1157,20220726,0.09999999999999999,-17.5,1366.5,1,0,5.0,40,6,598.5
271,1203,20220726,-0.029824561403508774,-15.649122807017545,1396.1754385964912,1,0,5.0,20,6,979.1666666666666
291,14,20220731,0.19761904761904758,-17.452380952380953,1389.595238095238,0,0,6.0,20,2,3144.5
290,10,20220731,0.136231884057971,-13.623188405797102,1326.8985507246377,0,0,6.0,40,17,976.1176470588235
388,1454,20220801,0.08636363636363636,-14.085227272727273,1648.5738636363637,1,0,8.0,20,4,803.75
389,1520,20220801,0.07869249394673124,-13.295399515738499,1654.854721549637,1,0,8.0,20,6,1338.6666666666667
390,1554,20220801,-0.14696969696969697,-12.954545454545455,1653.1363636363637,1,0,8.0,40,17,675.1764705882352
391,1724,20220801,-0.010769230769230764,-15.653846153846153,1602.9692307692308,1,0,8.0,40,13,567.6923076923077
392,1503,20220801,-0.3588235294117647,-16.0,1687.8823529411766,1,0,8.0,40,15,623.3333333333334
387,1836,20220801,0.06613333333333335,-12.986666666666666,1479.5226666666667,1,0,8.0,20,13,790.6153846153846
386,1632,20220801,-0.12421052631578947,-13.821052631578947,1692.157894736842,1,0,6.0,40,22,751.6363636363636
393,2209,20220803,0.36269841269841263,-13.857142857142858,1397.4285714285713,0,0,7.0,20,4,1422.0
394,1739,20220803,0.14722222222222225,-13.333333333333334,1765.5416666666667,1,0,5.0,40,5,453.4
395,2300,20220803,0.0779220779220779,-13.87012987012987,1338.7792207792209,0,0,7.0,40,6,919.0
396,1734,20220803,0.21219512195121953,-14.165853658536586,1402.3463414634145,1,0,5.0,20,4,804.25
401,1009,20220804,-0.01935483870967742,-15.774193548387096,1375.3225806451612,1,0,10.0,20,9,2361.0
397,1218,20220804,0.002272727272727286,-15.204545454545455,1825.9318181818182,1,0,5.0,20,6,953.3333333333334
400,1005,20220804,-0.3529411764705882,-12.5,1564.4411764705883,1,0,10.0,40,8,908.125
398,1445,20220804,0.27974683544303797,-11.531645569620252,1466.860759493671,1,0,9.0,20,16,1246.9375
399,1357,20220804,0.025,-10.25,1489.875,1,0,5.0,40,2,552.5
402,954,20220804,-0.8363636363636363,-16.09090909090909,1887.1818181818182,1,0,6.0,40,6,924.1666666666666
403,959,20220804,0.16976744186046513,-12.023255813953488,1365.8372093023256,1,0,6.0,20,12,1748.6666666666667
410,1224,20220818,0.1062992125984252,-15.874015748031496,1471.6299212598426,1,0,9.0,20,5,1257.8
411,1449,20220818,0.052000000000000005,-15.76,1488.52,1,0,9.0,40,14,727.5714285714286
415,1110,20220828,0.14493243243243245,-12.905405405405405,1274.7094594594594,1,0,7.0,20,15,1483.3333333333333
414,1115,20220828,0.15925925925925924,-10.537037037037036,999.8518518518518,1,0,7.0,40,20,435.3
501,1643,20220912,0.18269230769230768,-13.961538461538462,1556.326923076923,1,0,,20,0,
500,1648,20220912,0.16981132075471697,-12.660377358490566,1409.7735849056603,1,0,6.0,40,7,824.0
503,1757,20220921,0.11873479318734795,-11.929440389294404,1397.3114355231144,1,0,8.0,40,28,571.4642857142857
502,1706,20220921,0.19125683060109294,-13.491803278688524,1494.8306010928961,1,0,8.0,20,15,1569.8666666666666
9,1828,20220929,0.2895238095238095,-10.938095238095238,1389.2952380952381,1,0,6.0,20,24,1560.625
8,1833,20220929,0.2821917808219178,-11.537671232876713,1436.109589041096,1,0,6.0,40,9,433.77777777777777
63,1034,20221005,0.09496402877697843,-13.76978417266187,1314.136690647482,1,0,8.0,20,15,1774.0666666666666
64,1018,20221005,0.13,-13.416666666666666,1372.2666666666667,1,0,8.0,40,10,707.3
65,1034,20221007,0.22625,-13.35,1369.9125,1,0,10.0,20,35,1385.3142857142857
66,1038,20221007,0.04166666666666668,-13.375,1365.9166666666667,1,0,10.0,40,18,295.8888888888889
75,1651,20221028,0.023046875,-12.15234375,1501.78125,1,0,6.0,40,18,487.55555555555554
76,1646,20221028,0.1426229508196721,-11.065573770491802,1453.7459016393443,1,0,6.0,20,10,1931.4
119,1050,20221101,0.04516971279373369,-13.18798955613577,1496.0783289817232,1,0,5.0,20,49,1304.530612244898
120,1043,20221101,0.12569444444444444,-13.034722222222221,1390.3402777777778,1,0,5.0,40,22,477.40909090909093
122,1109,20221108,-0.3157894736842105,-18.157894736842106,1842.1052631578948,1,0,6.0,40,23,492.1304347826087
121,1144,20221108,0.2537313432835821,-12.514925373134329,1708.5820895522388,1,0,6.0,20,38,1108.6842105263158
123,1632,20221116,-0.2532258064516129,-13.383064516129032,1725.733870967742,1,0,6.0,40,23,829.4230769230769
124,1628,20221116,-0.24731182795698925,-13.67741935483871,1411.52688172043,1,0,6.0,20,7,1652.7142857142858
127,1513,20221118,0.2185840707964602,-13.693215339233038,1507.448377581121,1,0,7.0,20,13,1511.2307692307693
128,1525,20221118,0.09222972972972975,-12.057432432432432,1606.7804054054054,1,0,7.0,40,36,428.44444444444446
237,1316,20221206,0.11379310344827585,-14.568965517241379,1515.103448275862,1,0,5.0,40,16,382.75
238,1310,20221206,0.1587878787878788,-12.969696969696969,1484.8484848484848,1,0,5.0,20,27,1349.3333333333333
241,1708,20221214,0.35924170616113743,-14.151658767772512,1567.7630331753555,1,0,8.0,40,7,970.0
242,1703,20221214,0.37,-11.6,1154.4,1,0,,20,0,
245,1704,20221219,0.14232804232804233,-10.989417989417989,1400.3650793650793,1,0,10.0,40,7,460.57142857142856
246,1659,20221219,0.1426666666666667,-11.595555555555556,1607.8666666666666,1,0,10.0,20,23,1719.3478260869565
257,1156,20221227,0.12521739130434784,-9.330434782608696,1477.878260869565,1,0,6.0,40,27,458.18518518518516
258,1149,20221227,0.14805194805194807,-12.032467532467532,1602.7824675324675,1,0,6.0,20,22,890.8636363636364
491,1157,20230105,0.11739130434782603,-17.804347826086957,1417.0434782608695,1,0,9.0,40,11,257.54545454545456
490,1202,20230105,0.047619047619047616,-15.095238095238095,1528.3945578231292,1,0,9.0,20,27,1082.111111111111
497,1127,20230118,0.3796407185628742,-12.604790419161677,1403.185628742515,1,0,8.0,20,25,901.4
496,1118,20230118,0.2866666666666667,-16.833333333333332,1637.9333333333334,1,0,8.0,40,21,435.14285714285717
499,1700,20230122,0.0647878787878788,-12.22060606060606,1428.8933333333334,1,0,7.0,20,16,1399.0
498,1800,20230122,0.19642682329907,-12.521781693587862,1567.4610866372982,1,0,7.0,40,5,655.6
54,1123,20230203,0.3261904761904762,-15.595238095238095,1341.2142857142858,1,0,6.0,40,25,390.64
55,1133,20230203,0.537219730941704,-13.582959641255606,1555.5874439461884,1,0,6.0,20,8,1498.5
61,1848,20230215,0.17722222222222223,-12.561111111111112,1437.3222222222223,1,0,10.0,40,13,492.15384615384613
62,1842,20230215,0.252,-13.93,1538.77,1,0,10.0,20,11,1681.090909090909
109,1353,20230301,0.012820512820512829,-14.564102564102564,1389.5897435897436,1,0,10.0,40,17,319.29411764705884
110,1347,20230301,0.2067796610169492,-13.084745762711865,1150.129943502825,1,0,10.0,20,11,1393.7272727272727
232,1511,20230419,0.07697841726618707,-13.086330935251798,1743.6906474820144,1,0,7.0,20,19,1649.2105263157894
231,1519,20230419,0.3697674418604651,-13.86046511627907,1406.6279069767443,1,0,7.0,40,20,551.5
233,1832,20230420,0.18253424657534245,-12.006849315068493,1652.2294520547946,1,0,8.0,20,24,1640.625
234,1836,20230420,0.18781725888324874,-10.619289340101522,1628.1370558375634,1,0,8.0,40,10,637.1
235,1553,20230421,0.20335820895522388,-11.175373134328359,1620.3059701492537,1,0,9.0,40,29,423.17241379310343
236,1539,20230421,0.2235,-14.81,1522.135,1,0,9.0,20,3,1370.6666666666667
240,1335,20230428,0.16413043478260872,-11.951086956521738,1451.75,1,0,10.0,20,18,1488.1666666666667
239,1340,20230428,0.09999999999999999,-16.390243902439025,1293.9756097560976,1,0,10.0,40,13,483.53846153846155
368,2124,20230508,-0.02711864406779661,-11.708474576271186,1445.6338983050848,0,0,9.0,40,7,518.0
369,2119,20230508,-0.07058823529411766,-12.18235294117647,1480.870588235294,0,0,9.0,20,17,2633.4117647058824
370,1252,20230513,0.36,-18.2,1459.8,1,0,6.0,40,4,273.5
371,1246,20230513,0.1957983193277311,-13.521008403361344,1491.7731092436975,1,0,6.0,20,11,1101.1818181818182
372,1641,20230517,0.14303797468354432,-14.835443037974683,1283.5949367088608,1,0,10.0,40,18,447.44444444444446
374,1134,20230517,0.13179271708683474,-13.840336134453782,1458.0434173669469,1,0,6.0,20,22,1518.590909090909
375,1647,20230517,0.22769230769230767,-12.961538461538462,1518.4076923076923,1,0,10.0,20,23,1618.608695652174
373,1139,20230517,0.15128205128205122,-16.71794871794872,1366.6410256410256,1,0,6.0,40,7,454.7142857142857
376,1323,20230518,0.25,-19.5,1625.5,1,0,8.0,40,6,307.6666666666667
377,1317,20230518,0.2436893203883496,-14.25242718446602,1555.8349514563106,1,0,8.0,20,13,1370.076923076923
379,1138,20230521,0.1819277108433735,-16.867469879518072,1146.1084337349398,1,0,5.0,20,2,1702.0
378,1145,20230521,0.13333333333333333,-11.333333333333334,1462.6296296296296,1,0,5.0,40,7,374.375
380,1153,20230522,0.1657894736842105,-18.105263157894736,1307.7105263157894,1,0,6.0,40,2,584.5
381,1122,20230522,0.1858757062146893,-16.858757062146893,1459.8474576271187,1,0,6.0,20,10,1146.4
382,1354,20230524,0.24285714285714283,-14.714285714285714,1314.7142857142858,1,0,8.0,40,5,379.0
383,1349,20230524,0.03181818181818183,-14.348484848484848,1650.0151515151515,1,0,8.0,20,13,1437.8461538461538
384,1944,20230525,0.1166435890335087,-11.716975906950983,1571.7438382719467,1,0,9.0,20,4,2705.25
385,1950,20230525,-0.06676470588235293,-12.50294117647059,1561.3617647058823,1,0,9.0,40,34,634.1176470588235
479,1238,20230602,0.1,-19.0,2425.0,1,0,5.0,40,1,645.0
478,1232,20230602,0.21075268817204298,-15.78494623655914,1381.505376344086,1,0,5.0,20,6,1306.8333333333333
482,2309,20230612,0.08916666666666667,-8.83611111111111,1448.5388888888888,0,0,7.0,40,24,852.625
483,2301,20230612,0.14169381107491857,-8.413680781758957,1530.5635179153094,0,0,7.0,20,3,1970.3333333333333
486,1152,20230616,0.1965073529411765,-17.05698529411765,1510.0863970588234,1,0,7.0,20,9,1453.4444444444443
487,1322,20230616,0.39680851063829786,-17.095744680851062,1551.6382978723404,1,0,7.0,40,3,487.3333333333333
488,2325,20230616,0.11966527196652724,-11.92887029288703,1429.0460251046024,0,0,8.0,40,28,982.8214285714286
489,2319,20230616,0.09543147208121826,-15.030456852791879,1639.0964467005076,0,0,8.0,20,3,2005.0
492,1104,20230623,0.015116279069767445,-14.395348837209303,1652.0813953488373,1,0,7.0,20,15,876.4
493,1059,20230623,0.0,-13.0,1395.0,1,0,7.0,40,4,485.0
494,1125,20230627,0.05,-14.25,1486.611111111111,1,0,10.0,40,10,341.0
495,1118,20230627,0.11772151898734173,-14.227848101265822,1607.746835443038,1,0,10.0,20,30,934.8333333333334
42,2150,20230702,0.12694898941289706,-8.768046198267564,1500.9412897016362,0,0,10.0,20,26,2046.3076923076924
43,2159,20230702,0.18689024390243902,-9.786585365853659,1355.6432926829268,0,0,10.0,40,36,853.25
45,959,20230703,0.23266666666666672,-14.08,1257.8933333333334,1,0,6.0,20,10,1551.0
44,1808,20230703,0.43896872358410816,-12.510566356720203,1511.5325443786983,1,0,9.0,20,4,1227.0
46,1835,20230703,0.16272727272727275,-12.050757575757576,1544.5318181818182,1,0,9.0,40,13,346.6923076923077
47,951,20230703,-0.022222222222222216,-15.777777777777779,1374.7777777777778,1,0,6.0,40,8,557.75
48,1300,20230704,0.11660377358490567,-12.079245283018867,1289.4415094339622,1,0,7.0,20,4,1466.5
49,1310,20230704,0.2975609756097561,-15.512195121951219,1219.8536585365853,1,0,7.0,40,6,256.8333333333333
53,1215,20230707,-0.019875776397515515,-15.378881987577639,1619.6521739130435,1,0,7.0,20,28,1253.0714285714287
52,1240,20230707,-0.2222222222222222,-16.555555555555557,1171.2222222222222,1,0,7.0,40,9,287.6666666666667
57,1254,20230715,0.058441558441558454,-13.603896103896103,1554.344155844156,1,0,,20,0,
56,1308,20230715,-0.035,-15.9,1813.925,1,0,,40,0,
58,1921,20230718,0.2556818181818182,-12.298295454545455,1382.0852272727273,1,0,6.0,40,6,281.3333333333333
59,1915,20230718,0.22210796915167097,-13.12853470437018,1434.987146529563,1,0,6.0,20,11,1629.7272727272727
60,1905,20230719,0.09695652173913043,-12.565217391304348,1488.8565217391304,1,0,7.0,20,1,1786.0
114,1443,20230816,0.05398773006134969,-14.049079754601227,1413.276073619632,1,0,10.0,20,15,1094.7333333333333
113,1449,20230816,0.29473684210526313,-14.052631578947368,1718.0526315789473,1,0,10.0,40,4,681.0
115,824,20230817,0.08421052631578949,-13.68421052631579,1609.5526315789473,1,0,9.0,20,4,1460.5
116,818,20230817,0.3,-9.30188679245283,1007.7547169811321,1,0,9.0,40,17,632.5882352941177
117,1641,20230819,0.07485380116959064,-13.140350877192983,1352.1052631578948,1,0,7.0,20,11,1567.5454545454545
118,1646,20230819,0.1880597014925373,-13.17910447761194,1362.686567164179,1,0,7.0,40,11,310.09090909090907
219,1505,20230906,0.37025316455696206,-12.221518987341772,1551.6835443037974,1,0,5.0,20,5,1598.0
220,1511,20230906,0.18265306122448985,-13.377551020408163,1440.4591836734694,1,0,5.0,40,13,609.0769230769231
221,1912,20230912,0.14938775510204083,-12.028571428571428,1404.6489795918367,1,0,9.0,20,31,1476.1935483870968
222,1916,20230912,0.16878612716763008,-11.23121387283237,1315.1849710982658,1,0,9.0,40,38,644.7368421052631
224,1227,20230913,0.12111111111111111,-14.588888888888889,1436.9333333333334,1,0,7.0,20,5,1729.0
223,1232,20230913,0.01904761904761907,-16.047619047619047,1222.1904761904761,1,0,7.0,40,5,677.2
226,1359,20230917,0.015625000000000007,-13.3125,1444.6875,1,0,5.0,40,12,465.3333333333333
225,1350,20230917,0.11734693877551022,-10.673469387755102,1544.061224489796,1,0,5.0,20,5,1388.4
228,1046,20230918,0.18060606060606058,-14.50909090909091,1508.521212121212,1,0,6.0,20,12,1540.5
227,1041,20230918,0.14769230769230768,-12.123076923076923,1649.323076923077,1,0,6.0,40,14,461.85714285714283
229,1624,20230920,0.13885350318471334,-10.554140127388536,1515.095541401274,1,0,7.0,40,11,278.27272727272725
230,1617,20230920,0.1272340425531915,-11.97872340425532,1304.7489361702128,1,0,7.0,20,9,1640.888888888889
354,1553,20231010,0.22317880794701986,-10.880794701986755,1652.5849889624724,1,0,9.0,20,36,1271.4444444444443
355,1332,20231010,0.14507936507936509,-14.615873015873015,1225.0285714285715,1,0,9.0,40,18,475.0
364,107,20231014,0.2693548387096774,-16.758064516129032,1601.2903225806451,0,0,6.0,20,1,2455.0
365,111,20231014,0.17217391304347832,-11.31304347826087,1253.6173913043478,0,0,6.0,40,21,1108.904761904762
468,1225,20231101,0.2595867517471893,-11.857186265572775,1385.1695533272562,1,0,9.0,20,19,1096.9473684210527
469,1125,20231101,0.14552238805970152,-11.772388059701493,1390.8619402985075,1,0,9.0,40,22,496.8636363636364
476,1433,20231107,0.1959183673469388,-12.300556586270872,1544.7940630797773,1,0,7.0,20,27,1138.7407407407406
477,1441,20231107,0.1127906976744186,-10.988372093023257,1444.6220930232557,1,0,7.0,40,25,443.64
480,1004,20231117,0.1424242424242424,-13.371212121212121,1673.280303030303,1,0,6.0,20,4,1221.5
481,959,20231117,0.19428571428571437,-10.537142857142857,1298.9257142857143,1,0,6.0,40,12,496.1666666666667
485,1345,20231126,0.10172413793103449,-10.206896551724139,1582.7758620689656,1,0,9.0,40,20,305.35
484,1352,20231126,0.06063829787234043,-13.893617021276595,1438.9893617021276,1,0,9.0,20,11,1074.6363636363637
51,1318,20231218,0.22870090634441084,-14.250755287009063,1511.4199395770393,1,0,8.0,20,25,972.92
50,1308,20231218,0.15625,-14.625,1118.4375,1,0,8.0,40,21,329.95238095238096
353,1319,20240222,0.19117647058823528,-10.558823529411764,1274.8529411764705,1,0,5.0,40,32,528.8125
352,1326,20240222,0.15072463768115943,-12.333333333333334,1473.270531400966,1,0,5.0,20,37,1086.2162162162163
359,1721,20240223,0.2070840197693575,-12.370675453047776,1520.8797364085667,1,0,9.0,20,18,1280.1666666666667
360,1147,20240223,0.4238095238095238,-9.031746031746032,1269.4920634920634,1,0,10.0,40,31,569.0967741935484
361,1751,20240223,0.12464454976303319,-13.663507109004739,1474.0710900473935,1,0,9.0,40,13,510.53846153846155
358,1200,20240223,0.403680981595092,-11.938650306748466,1539.9325153374234,1,0,10.0,20,24,1135.0
363,1357,20240228,0.1941747572815534,-12.902912621359222,1491.7427184466019,1,0,5.0,20,26,1057.7307692307693
362,1404,20240228,0.08636363636363636,-10.75,1322.909090909091,1,0,5.0,40,15,470.3333333333333
366,1259,20240229,0.17958656330749354,-11.431524547803617,1375.1912144702842,1,0,9.0,20,12,935.9166666666666
367,1309,20240229,0.34390243902439027,-10.829268292682928,1367.2682926829268,1,0,9.0,40,23,490.30434782608694
463,918,20240305,0.12686567164179105,-12.940298507462687,1349.2388059701493,1,0,9.0,40,27,600.4814814814815
462,929,20240305,0.058273381294964025,-13.258992805755396,1633.9712230215828,1,0,9.0,20,5,2633.2
466,1404,20240307,0.3476744186046512,-12.523255813953488,1430.7209302325582,1,0,10.0,40,38,488.4736842105263
467,1351,20240307,0.24240000000000003,-12.784,1462.256,1,0,10.0,20,53,1096.0
474,1732,20240315,0.14964028776978416,-13.611510791366907,1323.546762589928,1,0,6.0,40,21,497.3809523809524
475,1725,20240315,0.17301587301587307,-12.56084656084656,1465.9259259259259,1,0,6.0,20,5,1266.0
